{
  "indexes": [
    {
      "collectionGroup": "slots",
      "queryScope": "COLLECTION",
      "fields": [
        { "fieldPath": "tid", "order": "ASCENDING" },
        { "fieldPath": "start", "order": "ASCENDING" }
      ]
    },
    {
      "collectionGroup": "bookings",
      "queryScope": "COLLECTION",
      "fields": [
        { "fieldPath": "therapistId", "order": "ASCENDING" },
        { "fieldPath": "start", "order": "ASCENDING" }
      ]
    },
    {
      "collectionGroup": "bookings",
      "queryScope": "COLLECTION",
      "fields": [
        { "fieldPath": "userId", "order": "ASCENDING" },
        { "fieldPath": "createdAt", "order": "DESCENDING" }
      ]
    },
    {
      "collectionGroup": "availability",
      "queryScope": "COLLECTION",
      "fields": [
        { "fieldPath": "isBooked", "order": "ASCENDING" },
        { "fieldPath": "therapistId", "order": "ASCENDING" },
        { "fieldPath": "start", "order": "ASCENDING" }
      ]
    }
  ],
  "fieldOverrides": []
}
